file,split,source,licence,duration_s,resolution,camera_angle,lighting,people_approx,helmet_violation,vest_violation,zone_relevant,notes
synthetic_cam1.mp4,plumbing-only,generated by scripts/make_test_clips.py,n/a,20,1280x720,high,synthetic,3,yes (6-12 s),yes (whole clip),yes (8-17 s),cartoon; never use for training or evaluation
synthetic_cam2.mp4,plumbing-only,generated by scripts/make_test_clips.py,n/a,20,1280x720,high,synthetic,3,yes (6-12 s),yes (whole clip),yes (8-17 s),cartoon; never use for training or evaluation
synthetic_cam3.mp4,plumbing-only,generated by scripts/make_test_clips.py,n/a,20,1280x720,high,synthetic,3,yes (6-12 s),yes (whole clip),yes (8-17 s),cartoon; never use for training or evaluation
workshop_handheld_day_01.mp4,test,own recording (phone) of a fabrication workshop; original in originals/1.mp4,own footage; shows identifiable workers at a real site - keep private,14.7,478x850,eye level; hand-held and moving; portrait,indoor with bright skylights (backlit),6 tracked (dozens further back),yes: 2 men without helmets at 12-15 s (in view ~2 s),everyone (no hi-vis worn at this site),no,navy helmets from behind often missed; see docs/real_clips.md
workshop_handheld_day_02.mp4,test,own recording (phone) of a fabrication workshop; original in originals/2.mp4,own footage; shows identifiable workers at a real site - keep private,12.5,720x1280,eye level; hand-held and moving; portrait,indoor; backlit and hazy,6 tracked (dozens further back),none among the tracked people (yellow / navy / white / brown helmets),everyone (no hi-vis worn at this site),no,false no-helmet alert at 9 s on a navy helmet; see docs/real_clips.md
pexels_brick_loading_32165834.mp4,test,https://www.pexels.com/video/32165834/ (Sahil Mishra),"Pexels licence (free to use, no attribution required)",24.6,"1280x720 (from 1080p/1440p, 15 fps)","low, eye level; fixed after the first second","daylight, bright sky",2,"yes: both men, whole clip",not scored (vest rule off),no,heads sometimes above the frame; see data/ground_truth/
pexels_bricklaying_11355903.mp4,test,https://www.pexels.com/video/11355903/,"Pexels licence (free to use, no attribution required)",16.1,"1280x720 (from 1080p/1440p, 15 fps)","eye level, fixed",overcast daylight,2,"yes: both men wear baseball caps, whole clip",not scored (vest rule off),no,"caps, not helmets; see data/ground_truth/"
pexels_street_site_30157703.mp4,test,https://www.pexels.com/video/30157703/ (aksinfo7 universe),"Pexels licence (free to use, no attribution required)",7.2,"1280x720 (from 1080p/1440p, 15 fps)","eye level, fixed; street works",sun and haze,3,"yes: man in blue (0-7 s), small man in a pink cap (0-7 s)",not scored (vest rule off),no,excavator; boy behind barrier; see data/ground_truth/
pexels_rebar_height_12098511.mp4,test,https://www.pexels.com/video/12098511/ (manas patra),"Pexels licence (free to use, no attribution required)",14.7,"1280x720 (from 1080p/1440p, 15 fps)","from below, fixed; work at height",bright sky (backlit),6,no (all in helmets),not scored (vest rule off),no,80-270 px tall; see data/ground_truth/
pexels_overhead_site_7448386.mp4,test,https://www.pexels.com/video/7448386/ (Mike Hongkong),"Pexels licence (free to use, no attribution required)",5.8,"1280x720 (from 1080p/1440p, 15 fps)","high overhead, fixed (CCTV-like)",daylight,20,no (all in helmets),not scored (vest rule off),no,people 60-120 px tall; street at right; see data/ground_truth/
pexels_stonewall_closeup_19832500.mp4,test,https://www.pexels.com/video/19832500/ (CP Khanal),"Pexels licence (free to use, no attribution required)",4.9,"1280x720 (from 1080p/1440p, 15 fps)","close up, fixed",daylight,4,no (all in helmets),not scored (vest rule off),no,heads cut off at the left edge; see data/ground_truth/
