# Photos left out after looking at every hat the model in use calls a helmet (>= 0.25), 28 Sep 2026:
# 1,354 hats in 17 sheets of crops; these showed a real helmet labelled "Hat" (hard hat, pith/sun helmet,
# bicycle, rafting, jockey, police or military helmet, toy fire helmet) or were too unclear to call a hat.
image_id,open_images_split
020d49a8bbc0159d,train
0583c5e73d8104f1,train
0c54a5dc9cc261c6,train
10067efcc6cc204d,train
14c2780d1f65c984,test
1876ac35ccbe25dc,train
1faff0e950e660f2,train
279fb1f33d0fde4e,train
2fbf6c2b1f1d9148,train
31b5897a03b8a270,train
366209cb2cfa7f73,validation
3aeb57b0006d31c6,train
42222551260e23a6,train
4708a38c314d744e,train
5167c8ce30d95373,train
5585def6a91b4b92,train
5a41f8aec1dd0f0e,train
5b16081610021e2b,test
62d669071e7c1be8,train
633ecf80d52cb851,train
68fddea7de2d2448,validation
7d6908d5752074b6,train
85329b3a927aa948,test
8d31d2c009381520,train
91416c9a4f4b7d16,train
982750c6096a1b47,train
99ae27ae45cb3d29,train
9db5b81897463fdd,train
9fc6b9554a142b1a,validation
a2a3b1f86668b9c1,train
aa75e5b839875a7c,train
adf415dfa4b05d02,train
b03bdb1049293322,validation
b5ee207ff255179c,train
c2db8ad6b27034c7,train
c7da756d7d7cf19b,train
d0abe53e423d2de2,train
d10221d55928cd80,train
d31beaac048a8d08,train
d32a96446ac2790c,train
d9a434e9d1f549e7,test
db9c792b99c3a57e,train
e3145d9e04aed9e1,train
e9d628dcb86676b5,train
ee22edf1a81722ac,train
f05c5c28022307e9,train
f3872768cbfb3485,train
f4639d442c5c1e5a,train
f56effe754d5aa5c,train
f787048b2a4f384f,train
# Second review, 29 Sep 2026 (after the first fine-tuning): every hat in the chosen photos that the model in
# use scores 0.05-0.25 as a helmet (585 hats in 8 sheets). Left out: real helmets labelled "Hat", or unclear.
4c182d00e936b769,train
543f99e80fb010f5,train
641f684764d5a7e8,train
6a2de0d0eb4ea0a7,train
a51045a54caac438,train
aad0600809adf128,train
ad73b36c55528b81,train
ae15772372a6f206,train
bb92a319ffe6bc3a,train
d50e988d54c8d561,validation
e313264485764abd,train
e550c757686f0a7c,train
fe4b9d8d0eab74a6,train
